GA,CT,TA,TC,TG,CA,CG,AG,AC,AT,GC,GT
2.3757466985727795,3.6522970988701053,-0.07991344548110638,2.7247909054497734,-0.3983289508622659,0.4704629888378702,-0.2288503345542055,1.8160603253028231,0.5780828585210248,0.42733528651319747,0.26844777504585476,2.0958465919522555
0.03307173494228838,1.171379726965782,-0.009741334937448115,0.15036109273562995,0.009173283531301982,0.36227632545584404,0.28979860336958374,0.06332373681423922,0.07400103044188326,0.2082015628318649,0.5457112019029757,0.7284627779217662
0.8100871985322029,0.06871251829857719,0.33759694740127466,-0.6188776230378878,0.19231188503980653,0.8733491237782213,-0.07734447221454502,0.008311517165531806,-0.5447167225725988,0.5427432618977913,0.2637541182841009,0.8826712366582747
0.3105409146365673,-0.14020249623492403,-0.6420672052635522,-0.8402732649071613,-0.5184145939715779,0.2949147425169604,-0.2758845009136319,-0.010253241997790173,0.44057825339180273,0.04596266644252858,0.022682898372337633,0.6874278927765032
-0.2116781436424468,0.05890595702089211,0.22455681238120165,-0.810738667946739,-0.07222624192771313,0.40773920151001064,0.12437863857369517,-0.016032107764935407,-1.0306856930565074,-0.16137064182725522,-0.017989241610504608,0.5257474625165667
0.34076859275169885,-0.09253886988744144,0.3814970362010995,0.48555052425956424,1.3854215826033855,0.31385720408422746,-0.054446732336740716,0.10527913037744711,-0.1330119029428444,-0.8214493884456059,-0.39426583423052175,0.0393671871747682
0.7741755648210824,0.5643644957873897,1.0289599827311917,0.0250541036301994,0.5730240902743726,0.6146481007011362,-0.07308676960322312,0.5261591063067811,0.235650643516358,0.11169303112047804,-0.4681388561528021,0.1966271715962473
0.09921502915596409,-0.09716359567718452,0.01338697591252643,-0.15868568259920723,0.9012347812393641,0.5652780211531838,0.02358089929756254,0.7135369631491851,0.16418848637871458,-0.201165263007022,-0.18782524025980352,0.013329739556260257
