GA,CT,TA,TC,TG,CA,CG,AG,AC,AT,GC,GT
3.3666524372443813,4.873102199020175,0.7799990105504203,3.000803054662708,0.6507269302743961,2.2265117039749653,0.2427441313484081,2.9465970182413495,0.8892585340505944,1.325445451514667,0.9750416872658528,4.446956485534528
