type,AC,AG,AT,CA,CG,CT,GA,GC,GT,TA,TC,TG
exp_count,3.6527000000000007,26.94999999999999,7.6364,14.301999999999992,5.4621,189.26999999999998,53.048,7.2169,153.96999999999997,3.680299999999999,22.734000000000005,3.0692
m_syn,3.643177450352338,23.85872138910813,6.988978692138134,13.039301310043669,5.429328621908128,203.03604153940134,37.01442841287459,7.018450184501845,154.0959409594096,3.689409794893261,25.31463837158943,2.796530707923113
md_syn,2.0,18.0,3.0,9.0,1.0,115.0,28.0,2.0,81.0,2.0,20.0,2.0
m_syn_p,3.6734104046242773,25.1740473738414,5.526666666666666,11.105381165919283,6.903225806451613,103.23721881390593,37.648648648648646,4.591836734693878,121.61224489795919,3.6946160635481022,22.401360544217688,2.5461613216715255
md_syn_p,2.0,19.0,3.0,8.0,0.0,77.0,29.5,1.0,64.0,2.0,18.0,1.0
m_syn_up,3.619102416570771,23.041586692258477,8.1419185282523,16.61825726141079,2.6030927835051547,351.144157814871,35.799352750809064,13.36,238.98666666666668,3.6847133757961785,27.656640625,3.029891304347826
md_syn_up,2.0,18.0,4.0,13.0,1.0,346.0,27.0,5.0,216.0,2.0,22.0,2.0
