type,AC,AG,AT,CA,CG,CT,GA,GC,GT,TA,TC,TG
exp_count,0.6994771042548147,2.454962773414928,1.3296710981787998,1.885614044699679,0.6788453958490858,4.4930759384491745,3.2492498287231824,1.0869444838004276,3.4765212809434436,1.3026681570524985,2.4465122618006885,0.6100372738369387
m_syn,0.11666710163198304,2.170031768229564,0.6068173151743582,1.4362672823755733,-0.18990904584984847,4.138675273351909,2.7046466929068953,0.2323324158600553,3.012575197868266,0.45243926869568946,2.2580824611890953,0.1359781232838757
md_syn,0.4054651081081644,2.1400661634962708,0.4054651081081644,1.5040773967762742,-0.6931471805599453,4.085976312551584,2.740840023925201,0.4054651081081644,2.917770732084279,0.4054651081081644,2.2512917986064953,0.4054651081081644
m_syn_p,0.10572727602602633,2.1455871532475976,0.46135996362346327,1.289635158709891,-0.30796000231734194,3.66936568131796,2.720150658294676,0.06984292896846335,2.814511482211367,0.44662056722236665,2.1422727471748595,0.08990563130482117
md_syn_p,0.4054651081081644,2.1400661634962708,0.4054651081081644,1.5040773967762742,-0.6931471805599453,3.7013019741124933,2.740840023925201,-0.6931471805599453,2.6741486494265287,0.4054651081081644,2.1400661634962708,-0.6931471805599453
m_syn_up,0.12540638760455763,2.1851634060933214,0.721581831076899,1.7105123002774982,0.03939412090114667,4.841561614866768,2.6752838774297167,0.6569716082700824,3.537176390689242,0.45769097210212295,2.351430456034492,0.17891216213084205
md_syn_up,0.4054651081081644,2.1400661634962708,0.9162907318741551,1.7047480922384253,-0.6931471805599453,5.07829394257007,2.6741486494265287,0.4054651081081644,3.7952366320257713,0.4054651081081644,2.3513752571634776,0.4054651081081644
