type,AC,AG,AT,CA,CG,CT,GA,GC,GT,TA,TC,TG
exp_count,1.5127000000000002,11.146,3.279800000000001,6.090400000000002,1.4716000000000002,88.89599999999999,25.27100000000001,2.4652000000000007,31.84700000000001,3.1791,11.048,1.3405000000000002
m_syn,1.700958466453674,11.103271580607016,2.9128205128205127,5.846938775510204,1.4697508896797153,94.09687308399755,19.72888888888889,2.4354243542435423,32.144444444444446,3.162048698572628,12.934565217391304,1.313587212035731
md_syn,1.0,8.0,1.0,4.0,0.0,59.0,15.0,1.0,18.0,1.0,9.0,1.0
m_syn_p,1.9079136690647482,11.395876288659794,2.23421926910299,4.9284116331096195,1.6954177897574123,51.537832310838446,19.835314091680814,1.489795918367347,26.71938775510204,4.114159292035398,11.085241110569898,1.1569200779727096
md_syn_p,1.0,8.0,1.0,4.0,0.0,40.0,15.0,0.0,14.0,1.0,8.0,0.0
m_syn_up,1.535632183908046,10.922144224633056,3.448230668414155,7.564853556485356,1.031413612565445,157.8376722817764,19.527331189710612,4.906666666666666,46.513513513513516,2.3027156549520766,14.425206124852767,1.4595821980018164
md_syn_up,1.0,8.0,2.0,5.0,0.0,160.0,14.0,1.0,44.0,1.0,10.0,1.0
