type,AC,AG,AT,CA,CG,CT,GA,GC,GT,TA,TC,TG
exp_count,1.4237587251022494,3.312366167955539,2.0963478217461953,2.6947623067752744,1.7854227680102182,5.245812812565887,3.98057844792365,2.0434127289879807,5.0399999027261595,1.4303830142962257,3.1456167230912833,1.2723414810438598
m_syn,0.8893155012853189,2.9467133006809014,1.325542839130502,2.2268357959260525,0.24278701900412336,4.8733998839437564,3.367026094562611,0.9754014812463939,4.4485974288871235,0.7800316601532069,3.0008680352399004,0.6507574378660644
md_syn,0.9162907318741551,2.917770732084279,1.252762968495368,2.2512917986064953,0.4054651081081644,4.749270529961848,3.349904087274605,0.9162907318741551,4.400603020246817,0.9162907318741551,3.0204248861443626,0.9162907318741551
m_syn_p,0.8517559010881893,2.9667375110521026,1.1248973127141377,2.077762214409883,0.02184633390847307,4.3783772599396364,3.3941646509098784,0.6736621414155682,4.178788416855232,0.7594752721713189,2.8902527690854742,0.5835335876412752
md_syn_p,0.9162907318741551,2.970414465569701,1.252762968495368,2.1400661634962708,-0.6931471805599453,4.350277936359301,3.40105847347957,0.4054651081081644,4.1666652238017265,0.9162907318741551,2.917770732084279,0.4054651081081644
m_syn_up,0.9192248722132976,2.9342734361444736,1.4837390491828257,2.5027147061178017,0.6664464770225867,5.608046509552299,3.3150324849911477,1.7639469560042846,5.153698313663801,0.7985749623693529,3.089792339046858,0.7134144504397131
md_syn_up,0.9162907318741551,2.917770732084279,1.5040773967762742,2.6026896854443837,0.4054651081081644,5.847882818629958,3.3141860046725258,1.7047480922384253,5.377590547442544,0.9162907318741551,3.1135153092103742,0.9162907318741551
