GA,CT,TA,TC,TG,CA,CG,AG,AC,AT,GC,GT
3.3935781478018483,4.378055352903541,0.7594117018660039,2.8901220373296423,0.583489508308559,2.0773917558415156,0.022013561688814395,2.9664286972620713,0.8516425964499192,1.124769671471087,0.6738737475203369,4.177154788494215
-0.07852025172600156,1.2298045398748794,0.03916014265759534,0.19966250240071165,0.1299131746334538,0.4251465409232067,0.6441009045582264,-0.032153203970827465,0.06757449964143779,0.35892221316336065,1.0886217128667908,0.9752432009017199
