GA,CT,TA,TC,TG,CA,CG,AG,AC,AT,GC,GT
2.8719157932498103,4.354208564472341,0.06410816198599083,3.4991199716609973,-0.2985934121223281,1.1691203565338426,-0.016051537807648612,2.355737074069317,1.4967221685994687,0.9995308009493417,0.8378655242587676,3.210001550968892
0.018920239935478093,1.2355831331297802,-0.011657512309968752,0.15180850301830784,0.04323015197302005,0.35474629898843124,0.6001907525047807,0.0198114897793785,0.1460287013671394,0.30467328878935995,1.0180189258923413,0.9673462978507832
1.0155022395996278,0.06246893969505958,0.5116298818646137,-0.5151032141551892,0.37086469140043155,1.0459242431364733,0.07425933125911845,0.27076487651539055,-0.7019711631736708,0.8022997911013503,0.6554858732511006,1.2184957362112108
0.38378605105769886,-0.0741985536875383,-0.7794094014240573,-0.8614006630652838,-0.5737401398566464,0.33161026975021857,-0.17981942074237275,0.30731173681228,0.34220617182467955,0.33059652453718763,0.022185604487106193,1.086664942127375
0.046356391936842795,0.053595071523626234,0.3318876815446947,-0.8979068274792648,-0.0957179636664862,0.4064272284864478,0.08950855167563755,0.35442685007615593,-1.6345792048434504,-0.13336551468943109,0.16019404652078595,0.904840872630813
0.3117715392160841,-0.10244529173724935,0.5591435740899964,0.3313210973097317,2.015869630178778,0.42015192546491376,-0.049329630594955494,0.102682891363569,-0.14987753241324114,-1.1789525820659144,-0.613497562716545,-0.0990835130785131
0.7309817188860006,0.5536750728971273,1.1715361546693834,0.08044295137880576,0.961637368595506,0.6183116586303022,-0.056374818318604476,0.592389428168333,0.4010975108936135,0.12575968042483435,-0.7673191383261342,0.07127448606812606
0.3408958468971609,-0.09865670333758514,0.10030146865205396,-0.2601962213588884,1.4304838669096782,0.6058860134670357,0.14659985978891077,0.995766264619064,0.4966224562657612,-0.24883359801020877,-0.38052826226471836,-0.15848703640190678
